scenario_id,db,size,variant,runs,ok_runs,failed_runs,skipped_runs,failure_rate,mean_ms,stdev_ms,min_ms,p50_ms,p95_ms,max_ms,bootstrap_mean_low_ms,bootstrap_mean_high_ms
c1,mongo,l,idx,3,0,3,0,1.000,,,,,,,,
c1,mongo,l,no_idx,3,1,2,0,0.667,7.967,0.000,7.967,7.967,7.967,7.967,7.967,7.967
c1,mongo,m,idx,3,3,0,0,0.000,3.993,0.162,3.806,4.084,4.089,4.090,3.806,4.090
c1,mongo,m,no_idx,3,3,0,0,0.000,5.436,2.506,3.672,4.331,7.908,8.305,3.672,8.305
c1,mongo,s,idx,3,3,0,0,0.000,3.019,0.375,2.648,3.011,3.358,3.397,2.648,3.397
c1,mongo,s,no_idx,3,3,0,0,0.000,3.137,0.421,2.651,3.366,3.391,3.394,2.651,3.394
c1,mysql,l,idx,3,3,0,0,0.000,10.891,6.487,3.797,12.358,16.103,16.519,3.797,16.519
c1,mysql,l,no_idx,3,3,0,0,0.000,44.166,59.088,6.412,13.826,102.417,112.261,6.412,112.261
c1,mysql,m,idx,3,3,0,0,0.000,7.764,0.325,7.512,7.649,8.082,8.130,7.512,8.130
c1,mysql,m,no_idx,3,3,0,0,0.000,6.967,4.666,2.728,6.205,11.391,11.967,2.728,11.967
c1,mysql,s,idx,3,3,0,0,0.000,6.248,1.230,5.151,6.014,7.422,7.578,5.151,7.578
c1,mysql,s,no_idx,3,3,0,0,0.000,5.894,2.325,3.664,5.714,8.045,8.304,3.664,8.304
c1,postgres,l,idx,3,3,0,0,0.000,2.058,0.260,1.851,1.972,2.312,2.350,1.851,2.350
c1,postgres,l,no_idx,3,3,0,0,0.000,4.879,3.605,2.259,3.388,8.430,8.990,2.259,8.990
c1,postgres,m,idx,3,3,0,0,0.000,5.629,0.388,5.370,5.441,6.012,6.075,5.370,6.075
c1,postgres,m,no_idx,3,3,0,0,0.000,5.875,2.485,3.802,5.193,8.286,8.630,3.802,8.630
c1,postgres,s,idx,3,3,0,0,0.000,3.992,0.304,3.731,3.918,4.285,4.326,3.731,4.326
c1,postgres,s,no_idx,3,3,0,0,0.000,9.067,6.024,5.567,5.612,14.982,16.023,5.567,16.023
c1,redis,l,idx,3,3,0,0,0.000,0.654,0.142,0.537,0.613,0.792,0.812,0.537,0.812
c1,redis,l,no_idx,3,3,0,0,0.000,1.807,1.108,1.022,1.325,2.899,3.074,1.022,3.074
c1,redis,m,idx,3,3,0,0,0.000,3.847,0.613,3.276,3.771,4.422,4.494,3.276,4.494
c1,redis,m,no_idx,3,3,0,0,0.000,4.466,0.684,3.756,4.522,5.060,5.120,3.756,5.120
c1,redis,s,idx,3,3,0,0,0.000,2.631,1.281,1.739,2.055,3.895,4.099,1.739,4.099
c1,redis,s,no_idx,3,3,0,0,0.000,2.229,0.121,2.153,2.165,2.348,2.368,2.153,2.368
c2,mongo,l,idx,3,0,3,0,1.000,,,,,,,,
c2,mongo,l,no_idx,3,0,3,0,1.000,,,,,,,,
c2,mongo,m,idx,3,3,0,0,0.000,10.976,0.853,10.191,10.854,11.781,11.884,10.191,11.884
c2,mongo,m,no_idx,3,3,0,0,0.000,6.553,0.944,5.553,6.675,7.354,7.430,5.553,7.430
c2,mongo,s,idx,3,3,0,0,0.000,11.255,3.653,8.217,10.240,14.801,15.308,8.217,15.308
c2,mongo,s,no_idx,3,3,0,0,0.000,3.429,0.329,3.049,3.613,3.624,3.625,3.049,3.625
c2,mysql,l,idx,3,3,0,0,0.000,83.829,9.263,76.004,81.425,92.794,94.057,76.004,94.057
c2,mysql,l,no_idx,3,3,0,0,0.000,149.779,15.320,140.603,141.270,164.845,167.465,140.603,167.465
c2,mysql,m,idx,3,3,0,0,0.000,116.477,46.881,87.114,91.774,162.667,170.544,87.114,170.544
c2,mysql,m,no_idx,3,3,0,0,0.000,135.590,34.043,96.297,154.246,156.029,156.227,96.297,156.227
c2,mysql,s,idx,3,3,0,0,0.000,81.867,4.350,77.085,82.928,85.322,85.588,77.085,85.588
c2,mysql,s,no_idx,3,3,0,0,0.000,97.952,31.299,76.217,83.814,128.825,133.826,76.217,133.826
c2,postgres,l,idx,3,3,0,0,0.000,31.453,1.458,29.771,32.229,32.346,32.359,29.771,32.359
c2,postgres,l,no_idx,3,3,0,0,0.000,36.547,7.617,30.435,34.127,43.985,45.080,30.435,45.080
c2,postgres,m,idx,3,3,0,0,0.000,39.917,5.061,36.226,37.840,44.901,45.686,36.226,45.686
c2,postgres,m,no_idx,3,3,0,0,0.000,37.880,1.184,36.589,38.137,38.836,38.914,36.589,38.914
c2,postgres,s,idx,3,3,0,0,0.000,39.407,3.764,36.888,37.599,43.120,43.734,36.888,43.734
c2,postgres,s,no_idx,3,3,0,0,0.000,46.300,8.497,36.851,48.739,52.854,53.311,36.851,53.311
c2,redis,l,idx,3,3,0,0,0.000,0.438,0.070,0.385,0.412,0.507,0.517,0.385,0.517
c2,redis,l,no_idx,3,3,0,0,0.000,0.742,0.126,0.630,0.718,0.862,0.878,0.630,0.878
c2,redis,m,idx,3,3,0,0,0.000,5.079,1.383,3.529,5.518,6.122,6.189,3.529,6.189
c2,redis,m,no_idx,3,3,0,0,0.000,3.616,0.257,3.327,3.702,3.806,3.818,3.327,3.818
c2,redis,s,idx,3,3,0,0,0.000,1.935,0.242,1.656,2.068,2.080,2.081,1.656,2.081
c2,redis,s,no_idx,3,3,0,0,0.000,2.034,0.172,1.840,2.095,2.161,2.168,1.840,2.168
c3,mongo,l,idx,3,1,2,0,0.667,63.368,0.000,63.368,63.368,63.368,63.368,63.368,63.368
c3,mongo,l,no_idx,3,1,2,0,0.667,1.300,0.000,1.300,1.300,1.300,1.300,1.300,1.300
c3,mongo,m,idx,3,3,0,0,0.000,8.454,1.047,7.345,8.594,9.341,9.424,7.345,9.424
c3,mongo,m,no_idx,3,3,0,0,0.000,6.573,0.540,5.971,6.736,6.985,7.013,5.971,7.013
c3,mongo,s,idx,3,3,0,0,0.000,4.760,0.608,4.282,4.555,5.355,5.444,4.282,5.444
c3,mongo,s,no_idx,3,3,0,0,0.000,3.193,0.396,2.924,3.007,3.583,3.647,2.924,3.647
c3,mysql,l,idx,3,3,0,0,0.000,5.567,3.428,3.395,3.787,8.945,9.518,3.395,9.518
c3,mysql,l,no_idx,3,3,0,0,0.000,84.141,72.855,6.190,95.718,145.034,150.514,6.190,150.514
c3,mysql,m,idx,3,3,0,0,0.000,5.826,0.494,5.327,5.835,6.267,6.315,5.327,6.315
c3,mysql,m,no_idx,3,3,0,0,0.000,8.110,3.654,3.893,10.077,10.331,10.359,3.893,10.359
c3,mysql,s,idx,3,3,0,0,0.000,4.712,0.794,4.218,4.289,5.494,5.628,4.218,5.628
c3,mysql,s,no_idx,3,3,0,0,0.000,5.872,1.931,4.005,5.750,7.651,7.862,4.005,7.862
c3,postgres,l,idx,3,3,0,0,0.000,2.767,0.366,2.477,2.646,3.126,3.179,2.477,3.179
c3,postgres,l,no_idx,3,3,0,0,0.000,2.742,0.345,2.344,2.932,2.949,2.951,2.344,2.951
c3,postgres,m,idx,3,3,0,0,0.000,6.491,1.033,5.738,6.065,7.509,7.669,5.738,7.669
c3,postgres,m,no_idx,3,3,0,0,0.000,6.072,0.671,5.416,6.043,6.686,6.758,5.416,6.758
c3,postgres,s,idx,3,3,0,0,0.000,5.944,0.665,5.181,6.249,6.387,6.402,5.181,6.402
c3,postgres,s,no_idx,3,3,0,0,0.000,6.340,0.868,5.475,6.335,7.122,7.210,5.475,7.210
c3,redis,l,idx,3,3,0,0,0.000,0.616,0.092,0.510,0.666,0.671,0.672,0.510,0.672
c3,redis,l,no_idx,3,3,0,0,0.000,1.801,0.895,0.997,1.640,2.653,2.766,0.997,2.766
c3,redis,m,idx,3,3,0,0,0.000,3.941,0.843,3.164,3.821,4.736,4.838,3.164,4.838
c3,redis,m,no_idx,3,3,0,0,0.000,4.057,0.628,3.650,3.742,4.676,4.780,3.650,4.780
c3,redis,s,idx,3,3,0,0,0.000,2.075,0.083,2.012,2.043,2.156,2.169,2.012,2.169
c3,redis,s,no_idx,3,3,0,0,0.000,2.062,0.227,1.815,2.109,2.246,2.261,1.815,2.261
c4,mongo,l,idx,3,0,3,0,1.000,,,,,,,,
c4,mongo,l,no_idx,3,1,2,0,0.667,0.926,0.000,0.926,0.926,0.926,0.926,0.926,0.926
c4,mongo,m,idx,3,3,0,0,0.000,2.576,0.428,2.184,2.512,2.980,3.032,2.184,3.032
c4,mongo,m,no_idx,3,3,0,0,0.000,6.841,1.101,5.619,7.150,7.694,7.755,5.619,7.755
c4,mongo,s,idx,3,3,0,0,0.000,2.493,0.483,2.112,2.330,2.965,3.036,2.112,3.036
c4,mongo,s,no_idx,3,3,0,0,0.000,3.228,0.330,2.868,3.300,3.494,3.515,2.868,3.515
c4,mysql,l,idx,3,3,0,0,0.000,3.390,0.426,3.105,3.184,3.810,3.880,3.105,3.880
c4,mysql,l,no_idx,3,3,0,0,0.000,8.143,4.191,4.949,6.592,12.259,12.889,4.949,12.889
c4,mysql,m,idx,3,3,0,0,0.000,4.959,0.632,4.252,5.157,5.438,5.469,4.252,5.469
c4,mysql,m,no_idx,3,3,0,0,0.000,9.550,0.516,9.109,9.424,10.048,10.117,9.109,10.117
c4,mysql,s,idx,3,3,0,0,0.000,4.765,1.295,3.761,4.307,6.035,6.227,3.761,6.227
c4,mysql,s,no_idx,3,3,0,0,0.000,6.286,0.657,5.571,6.425,6.819,6.863,5.571,6.863
c4,postgres,l,idx,3,3,0,0,0.000,2.936,0.254,2.668,2.965,3.153,3.174,2.668,3.174
c4,postgres,l,no_idx,3,3,0,0,0.000,2.788,0.335,2.523,2.676,3.116,3.165,2.523,3.165
c4,postgres,m,idx,3,3,0,0,0.000,7.370,1.972,5.433,7.302,9.169,9.376,5.433,9.376
c4,postgres,m,no_idx,3,3,0,0,0.000,6.803,0.434,6.367,6.806,7.192,7.235,6.367,7.235
c4,postgres,s,idx,3,3,0,0,0.000,4.915,0.385,4.477,5.067,5.188,5.201,4.477,5.201
c4,postgres,s,no_idx,3,3,0,0,0.000,6.614,0.597,6.238,6.302,7.203,7.303,6.238,7.303
c4,redis,l,idx,3,3,0,0,0.000,0.586,0.118,0.491,0.549,0.702,0.719,0.491,0.719
c4,redis,l,no_idx,3,3,0,0,0.000,1.232,0.258,1.065,1.102,1.486,1.529,1.065,1.529
c4,redis,m,idx,3,3,0,0,0.000,3.878,1.748,1.970,4.260,5.289,5.403,1.970,5.403
c4,redis,m,no_idx,3,3,0,0,0.000,8.673,7.264,4.278,4.684,15.820,17.057,4.278,17.057
c4,redis,s,idx,3,3,0,0,0.000,2.312,0.683,1.869,1.968,2.985,3.098,1.869,3.098
c4,redis,s,no_idx,3,3,0,0,0.000,2.172,0.080,2.080,2.213,2.221,2.222,2.080,2.222
c5,mongo,l,idx,3,3,0,0,0.000,2714.342,303.550,2363.840,2887.676,2891.127,2891.510,2363.840,2891.510
c5,mongo,l,no_idx,3,3,0,0,0.000,1418.906,135.812,1267.446,1459.424,1522.805,1529.847,1267.446,1529.847
c5,mongo,m,idx,3,3,0,0,0.000,747.588,33.567,721.897,735.299,780.540,785.567,721.897,785.567
c5,mongo,m,no_idx,3,3,0,0,0.000,526.986,25.354,508.180,516.958,551.934,555.820,508.180,555.820
c5,mongo,s,idx,3,3,0,0,0.000,365.471,11.725,352.049,370.647,373.411,373.718,352.049,373.718
c5,mongo,s,no_idx,3,3,0,0,0.000,246.721,4.295,242.437,246.701,250.594,251.026,242.437,251.026
c5,mysql,l,idx,3,3,0,0,0.000,4.973,4.074,2.139,3.138,8.992,9.642,2.139,9.642
c5,mysql,l,no_idx,3,3,0,0,0.000,93.251,83.517,4.197,105.728,163.418,169.828,4.197,169.828
c5,mysql,m,idx,3,3,0,0,0.000,6.351,1.620,4.892,6.066,7.891,8.094,4.892,8.094
c5,mysql,m,no_idx,3,3,0,0,0.000,8.479,1.476,7.375,7.906,9.931,10.156,7.375,10.156
c5,mysql,s,idx,3,3,0,0,0.000,4.492,0.205,4.280,4.506,4.672,4.690,4.280,4.690
c5,mysql,s,no_idx,3,3,0,0,0.000,6.116,3.507,4.005,4.178,9.565,10.164,4.005,10.164
c5,postgres,l,idx,3,3,0,0,0.000,1.989,0.903,1.447,1.488,2.878,3.032,1.447,3.032
c5,postgres,l,no_idx,3,3,0,0,0.000,1.886,0.607,1.532,1.538,2.482,2.587,1.532,2.587
c5,postgres,m,idx,3,3,0,0,0.000,3.978,1.299,3.080,3.387,5.259,5.467,3.080,5.467
c5,postgres,m,no_idx,3,3,0,0,0.000,4.332,0.679,3.554,4.636,4.789,4.806,3.554,4.806
c5,postgres,s,idx,3,3,0,0,0.000,4.015,0.814,3.098,4.297,4.616,4.651,3.098,4.651
c5,postgres,s,no_idx,3,3,0,0,0.000,5.895,2.111,4.067,5.411,7.926,8.206,4.067,8.206
c5,redis,l,idx,3,3,0,0,0.000,0.223,0.059,0.157,0.240,0.268,0.271,0.157,0.271
c5,redis,l,no_idx,3,3,0,0,0.000,0.466,0.063,0.393,0.501,0.504,0.504,0.393,0.504
c5,redis,m,idx,3,3,0,0,0.000,4.600,0.905,3.556,5.070,5.163,5.173,3.556,5.173
c5,redis,m,no_idx,3,3,0,0,0.000,3.466,0.412,3.162,3.302,3.872,3.935,3.162,3.935
c5,redis,s,idx,3,3,0,0,0.000,1.901,0.121,1.768,1.932,1.996,2.003,1.768,2.003
c5,redis,s,no_idx,3,3,0,0,0.000,2.096,0.942,1.422,1.694,3.025,3.173,1.422,3.173
c6,mongo,l,idx,3,3,0,0,0.000,90465.742,8795.772,81096.049,91756.145,97866.143,98545.032,81096.049,98545.032
c6,mongo,l,no_idx,3,3,0,0,0.000,56920.095,1442.954,55652.207,56617.844,58302.995,58490.234,55652.207,58490.234
c6,mongo,m,idx,3,3,0,0,0.000,11627.397,248.473,11392.716,11601.796,11859.091,11887.679,11392.716,11887.679
c6,mongo,m,no_idx,3,3,0,0,0.000,5102.957,27.378,5073.022,5109.120,5124.967,5126.728,5073.022,5126.728
c6,mongo,s,idx,3,3,0,0,0.000,5641.088,44.176,5609.710,5621.947,5684.641,5691.607,5609.710,5691.607
c6,mongo,s,no_idx,3,3,0,0,0.000,2587.362,64.055,2518.357,2598.802,2640.314,2644.926,2518.357,2644.926
c6,mysql,l,idx,3,3,0,0,0.000,3.119,0.622,2.406,3.400,3.537,3.552,2.406,3.552
c6,mysql,l,no_idx,3,3,0,0,0.000,9.153,1.116,7.930,9.414,10.045,10.115,7.930,10.115
c6,mysql,m,idx,3,3,0,0,0.000,10.573,0.983,9.929,10.085,11.543,11.705,9.929,11.705
c6,mysql,m,no_idx,3,3,0,0,0.000,8.629,1.068,7.836,8.208,9.679,9.843,7.836,9.843
c6,mysql,s,idx,3,3,0,0,0.000,4.954,0.499,4.540,4.813,5.438,5.508,4.540,5.508
c6,mysql,s,no_idx,3,3,0,0,0.000,9.218,1.490,7.786,9.107,10.595,10.760,7.786,10.760
c6,postgres,l,idx,3,3,0,0,0.000,2.814,0.154,2.654,2.825,2.948,2.962,2.654,2.962
c6,postgres,l,no_idx,3,3,0,0,0.000,2.720,0.155,2.568,2.716,2.861,2.877,2.568,2.877
c6,postgres,m,idx,3,3,0,0,0.000,7.184,1.702,5.393,7.379,8.640,8.780,5.393,8.780
c6,postgres,m,no_idx,3,3,0,0,0.000,6.314,0.594,5.969,5.973,6.897,7.000,5.969,7.000
c6,postgres,s,idx,3,3,0,0,0.000,4.756,0.185,4.560,4.782,4.912,4.927,4.560,4.927
c6,postgres,s,no_idx,3,3,0,0,0.000,6.497,0.156,6.319,6.565,6.603,6.607,6.319,6.607
c6,redis,l,idx,3,0,0,3,0.000,,,,,,,,
c6,redis,l,no_idx,3,0,0,3,0.000,,,,,,,,
c6,redis,m,idx,3,0,0,3,0.000,,,,,,,,
c6,redis,m,no_idx,3,0,0,3,0.000,,,,,,,,
c6,redis,s,idx,3,0,0,3,0.000,,,,,,,,
c6,redis,s,no_idx,3,0,0,3,0.000,,,,,,,,
d1,mongo,l,idx,3,3,0,0,0.000,18.788,20.560,6.557,7.282,39.001,42.525,6.557,42.525
d1,mongo,l,no_idx,3,3,0,0,0.000,317.961,18.574,303.782,311.114,336.199,338.986,303.782,338.986
d1,mongo,m,idx,3,3,0,0,0.000,17.375,0.699,16.570,17.720,17.823,17.834,16.570,17.834
d1,mongo,m,no_idx,3,3,0,0,0.000,367.602,33.887,339.891,357.533,400.598,405.383,339.891,405.383
d1,mongo,s,idx,3,3,0,0,0.000,10.943,0.877,10.114,10.854,11.760,11.861,10.114,11.861
d1,mongo,s,no_idx,3,3,0,0,0.000,187.555,22.693,161.355,200.249,200.979,201.060,161.355,201.060
d1,mysql,l,idx,3,3,0,0,0.000,17.718,6.719,13.631,14.050,24.330,25.472,13.631,25.472
d1,mysql,l,no_idx,3,3,0,0,0.000,10.641,2.694,7.790,10.989,12.929,13.145,7.790,13.145
d1,mysql,m,idx,3,3,0,0,0.000,15.688,2.294,13.489,15.508,17.811,18.067,13.489,18.067
d1,mysql,m,no_idx,3,3,0,0,0.000,23.204,8.384,17.934,18.806,31.465,32.872,17.934,32.872
d1,mysql,s,idx,3,3,0,0,0.000,14.312,1.434,13.346,13.631,15.727,15.960,13.346,15.960
d1,mysql,s,no_idx,3,3,0,0,0.000,13.230,6.664,7.158,12.173,19.540,20.359,7.158,20.359
d1,postgres,l,idx,3,3,0,0,0.000,9.376,0.336,8.988,9.568,9.573,9.573,8.988,9.573
d1,postgres,l,no_idx,3,3,0,0,0.000,1034.789,19.554,1012.393,1043.509,1047.970,1048.466,1012.393,1048.466
d1,postgres,m,idx,3,3,0,0,0.000,7.402,0.435,7.020,7.310,7.819,7.875,7.020,7.875
d1,postgres,m,no_idx,3,3,0,0,0.000,200.018,11.075,192.374,194.961,210.943,212.719,192.374,212.719
d1,postgres,s,idx,3,3,0,0,0.000,6.790,0.774,6.126,6.603,7.536,7.640,6.126,7.640
d1,postgres,s,no_idx,3,3,0,0,0.000,104.248,2.200,102.916,103.041,106.412,106.787,102.916,106.787
d1,redis,l,idx,3,3,0,0,0.000,0.177,0.024,0.152,0.178,0.198,0.200,0.152,0.200
d1,redis,l,no_idx,3,3,0,0,0.000,0.284,0.005,0.279,0.287,0.287,0.287,0.279,0.287
d1,redis,m,idx,3,3,0,0,0.000,4.161,0.256,3.913,4.145,4.397,4.425,3.913,4.425
d1,redis,m,no_idx,3,3,0,0,0.000,5.023,2.090,3.651,3.989,7.085,7.429,3.651,7.429
d1,redis,s,idx,3,3,0,0,0.000,2.148,0.462,1.772,2.007,2.598,2.664,1.772,2.664
d1,redis,s,no_idx,3,3,0,0,0.000,1.698,0.181,1.538,1.660,1.871,1.895,1.538,1.895
d2,mongo,l,idx,3,3,0,0,0.000,0.455,0.085,0.364,0.470,0.526,0.532,0.364,0.532
d2,mongo,l,no_idx,3,3,0,0,0.000,4417.904,3182.412,2496.062,2666.328,7548.823,8091.322,2496.062,8091.322
d2,mongo,m,idx,3,3,0,0,0.000,5256.080,194.414,5033.795,5340.043,5388.966,5394.402,5033.795,5394.402
d2,mongo,m,no_idx,3,3,0,0,0.000,807.352,44.471,759.810,814.315,844.569,847.931,759.810,847.931
d2,mongo,s,idx,3,3,0,0,0.000,2167.270,10.061,2160.185,2162.840,2177.191,2178.786,2160.185,2178.786
d2,mongo,s,no_idx,3,3,0,0,0.000,387.666,4.826,383.559,386.457,392.329,392.982,383.559,392.982
d2,mysql,l,idx,3,3,0,0,0.000,7.344,0.864,6.564,7.195,8.165,8.273,6.564,8.273
d2,mysql,l,no_idx,3,3,0,0,0.000,6.674,1.938,4.503,7.292,8.134,8.228,4.503,8.228
d2,mysql,m,idx,3,3,0,0,0.000,9.384,1.464,7.952,9.321,10.722,10.878,7.952,10.878
d2,mysql,m,no_idx,3,3,0,0,0.000,9.209,2.004,7.005,9.701,10.799,10.921,7.005,10.921
d2,mysql,s,idx,3,3,0,0,0.000,301.652,2.424,299.873,300.670,304.038,304.412,299.873,304.412
d2,mysql,s,no_idx,3,3,0,0,0.000,7.026,0.936,5.967,7.367,7.706,7.744,5.967,7.744
d2,postgres,l,idx,3,3,0,0,0.000,14.988,20.990,2.854,2.884,35.591,39.225,2.854,39.225
d2,postgres,l,no_idx,3,3,0,0,0.000,29071.768,1180.508,27892.666,29068.960,30135.205,30253.677,27892.666,30253.677
d2,postgres,m,idx,3,3,0,0,0.000,5.834,0.773,5.131,5.709,6.566,6.661,5.131,6.661
d2,postgres,m,no_idx,3,3,0,0,0.000,2333.208,62.470,2290.115,2304.658,2394.833,2404.852,2290.115,2404.852
d2,postgres,s,idx,3,3,0,0,0.000,8.646,0.328,8.408,8.510,8.970,9.021,8.408,9.021
d2,postgres,s,no_idx,3,3,0,0,0.000,963.007,11.234,954.982,958.192,974.081,975.846,954.982,975.846
d2,redis,l,idx,3,0,0,3,0.000,,,,,,,,
d2,redis,l,no_idx,3,0,0,3,0.000,,,,,,,,
d2,redis,m,idx,3,0,0,3,0.000,,,,,,,,
d2,redis,m,no_idx,3,0,0,3,0.000,,,,,,,,
d2,redis,s,idx,3,0,0,3,0.000,,,,,,,,
d2,redis,s,no_idx,3,0,0,3,0.000,,,,,,,,
d3,mongo,l,idx,3,3,0,0,0.000,0.720,0.221,0.509,0.702,0.925,0.950,0.509,0.950
d3,mongo,l,no_idx,3,3,0,0,0.000,311.824,8.329,306.813,307.220,320.017,321.439,306.813,321.439
d3,mongo,m,idx,3,3,0,0,0.000,177.153,72.486,95.799,200.792,231.460,234.868,95.799,234.868
d3,mongo,m,no_idx,3,3,0,0,0.000,386.202,34.196,347.323,399.666,410.421,411.616,347.323,411.616
d3,mongo,s,idx,3,3,0,0,0.000,97.685,5.948,90.979,99.752,102.067,102.324,90.979,102.324
d3,mongo,s,no_idx,3,3,0,0,0.000,189.258,31.307,167.320,175.344,220.133,225.110,167.320,225.110
d3,mysql,l,idx,3,3,0,0,0.000,1.138,0.273,0.895,1.087,1.398,1.433,0.895,1.433
d3,mysql,l,no_idx,3,3,0,0,0.000,481.471,63.529,430.561,461.188,543.517,552.665,430.561,552.665
d3,mysql,m,idx,3,3,0,0,0.000,48.172,1.051,46.964,48.678,48.855,48.875,46.964,48.875
d3,mysql,m,no_idx,3,3,0,0,0.000,50.073,12.773,35.327,57.179,57.659,57.712,35.327,57.712
d3,mysql,s,idx,3,3,0,0,0.000,20.353,1.103,19.561,19.886,21.440,21.613,19.561,21.613
d3,mysql,s,no_idx,3,3,0,0,0.000,27.213,11.319,15.569,27.894,37.148,38.176,15.569,38.176
d3,postgres,l,idx,3,3,0,0,0.000,1.201,0.135,1.108,1.140,1.334,1.356,1.108,1.356
d3,postgres,l,no_idx,3,3,0,0,0.000,47.614,4.972,43.434,46.297,52.431,53.112,43.434,53.112
d3,postgres,m,idx,3,3,0,0,0.000,19.547,13.352,6.212,19.513,31.575,32.915,6.212,32.915
d3,postgres,m,no_idx,3,3,0,0,0.000,60.967,10.652,53.444,56.302,71.471,73.156,53.444,73.156
d3,postgres,s,idx,3,3,0,0,0.000,9.308,2.748,6.400,9.660,11.643,11.863,6.400,11.863
d3,postgres,s,no_idx,3,3,0,0,0.000,31.651,4.757,28.798,29.013,36.329,37.142,28.798,37.142
d3,redis,l,idx,3,3,0,0,0.000,1142.647,9.960,1131.353,1146.413,1149.799,1150.175,1131.353,1150.175
d3,redis,l,no_idx,3,3,0,0,0.000,1484.908,611.979,1130.174,1132.991,2085.701,2191.558,1130.174,2191.558
d3,redis,m,idx,3,3,0,0,0.000,2425.830,108.025,2318.020,2425.400,2523.202,2534.069,2318.020,2534.069
d3,redis,m,no_idx,3,3,0,0,0.000,2230.285,37.158,2200.650,2218.232,2266.599,2271.973,2200.650,2271.973
d3,redis,s,idx,3,3,0,0,0.000,1078.829,27.083,1056.785,1070.641,1105.219,1109.061,1056.785,1109.061
d3,redis,s,no_idx,3,3,0,0,0.000,1059.331,50.918,1003.807,1070.348,1100.490,1103.839,1003.807,1103.839
d4,mongo,l,idx,3,3,0,0,0.000,41395.056,48735.971,12758.819,13758.803,89276.673,97667.547,12758.819,97667.547
d4,mongo,l,no_idx,3,3,0,0,0.000,20661.791,13609.495,12793.309,12815.388,34020.548,36376.677,12793.309,36376.677
d4,mongo,m,idx,3,3,0,0,0.000,2064.514,19.237,2042.902,2070.872,2078.877,2079.767,2042.902,2079.767
d4,mongo,m,no_idx,3,3,0,0,0.000,1794.134,1.982,1791.879,1794.920,1795.534,1795.602,1791.879,1795.602
d4,mongo,s,idx,3,3,0,0,0.000,980.134,6.306,974.650,978.727,986.194,987.024,974.650,987.024
d4,mongo,s,no_idx,3,3,0,0,0.000,951.593,89.998,891.129,908.629,1040.382,1055.021,891.129,1055.021
d4,mysql,l,idx,3,3,0,0,0.000,2.277,0.455,1.847,2.232,2.701,2.753,1.847,2.753
d4,mysql,l,no_idx,3,3,0,0,0.000,4.130,0.685,3.453,4.116,4.751,4.822,3.453,4.822
d4,mysql,m,idx,3,3,0,0,0.000,4.573,0.955,3.526,4.796,5.337,5.397,3.526,5.397
d4,mysql,m,no_idx,3,3,0,0,0.000,7.524,3.867,3.370,8.183,10.735,11.019,3.370,11.019
d4,mysql,s,idx,3,3,0,0,0.000,60.409,11.206,47.470,66.720,67.004,67.036,47.470,67.036
d4,mysql,s,no_idx,3,3,0,0,0.000,7.968,3.288,4.650,8.028,10.905,11.225,4.650,11.225
d4,postgres,l,idx,3,3,0,0,0.000,1.352,0.133,1.229,1.334,1.477,1.493,1.229,1.493
d4,postgres,l,no_idx,3,3,0,0,0.000,674.916,31.893,640.768,680.048,701.544,703.932,640.768,703.932
d4,postgres,m,idx,3,3,0,0,0.000,2.886,0.782,2.076,2.945,3.567,3.636,2.076,3.636
d4,postgres,m,no_idx,3,3,0,0,0.000,132.440,5.319,127.483,131.777,137.431,138.059,127.483,138.059
d4,postgres,s,idx,3,3,0,0,0.000,3.134,1.121,2.261,2.743,4.232,4.398,2.261,4.398
d4,postgres,s,no_idx,3,3,0,0,0.000,62.912,3.942,58.382,64.791,65.486,65.563,58.382,65.563
d4,redis,l,idx,3,3,0,0,0.000,0.321,0.026,0.301,0.312,0.346,0.350,0.301,0.350
d4,redis,l,no_idx,3,3,0,0,0.000,0.408,0.059,0.365,0.383,0.466,0.475,0.365,0.475
d4,redis,m,idx,3,3,0,0,0.000,3.101,0.611,2.610,2.908,3.698,3.786,2.610,3.786
d4,redis,m,no_idx,3,3,0,0,0.000,3.946,0.548,3.435,3.879,4.459,4.524,3.435,4.524
d4,redis,s,idx,3,3,0,0,0.000,2.233,0.493,1.890,2.012,2.719,2.798,1.890,2.798
d4,redis,s,no_idx,3,3,0,0,0.000,2.089,0.103,1.999,2.066,2.188,2.202,1.999,2.202
d5,mongo,l,idx,3,3,0,0,0.000,0.944,0.485,0.620,0.711,1.423,1.502,0.620,1.502
d5,mongo,l,no_idx,3,3,0,0,0.000,7641.982,13235.215,0.536,0.718,20632.294,22924.691,0.536,22924.691
d5,mongo,m,idx,3,3,0,0,0.000,10100.361,67.711,10051.983,10071.358,10167.104,10177.742,10051.983,10177.742
d5,mongo,m,no_idx,3,3,0,0,0.000,3620.691,113.089,3524.235,3592.687,3729.905,3745.151,3524.235,3745.151
d5,mongo,s,idx,3,3,0,0,0.000,5085.106,71.428,5009.323,5094.806,5145.550,5151.188,5009.323,5151.188
d5,mongo,s,no_idx,3,3,0,0,0.000,1903.054,78.494,1835.429,1884.604,1978.677,1989.130,1835.429,1989.130
d5,mysql,l,idx,3,3,0,0,0.000,0.493,0.116,0.392,0.466,0.605,0.620,0.392,0.620
d5,mysql,l,no_idx,3,3,0,0,0.000,43206.365,74834.007,0.605,1.257,116655.635,129617.233,0.605,129617.233
d5,mysql,m,idx,3,3,0,0,0.000,27424.336,566.506,26884.476,27374.357,27950.194,28014.176,26884.476,28014.176
d5,mysql,m,no_idx,3,3,0,0,0.000,16679.648,210.499,16471.477,16675.066,16870.667,16892.400,16471.477,16892.400
d5,mysql,s,idx,3,3,0,0,0.000,10434.212,133.865,10282.688,10483.512,10531.144,10536.436,10282.688,10536.436
d5,mysql,s,no_idx,3,3,0,0,0.000,4513.952,535.014,4168.417,4243.217,5041.521,5130.221,4168.417,5130.221
d5,postgres,l,idx,3,3,0,0,0.000,0.619,0.128,0.504,0.596,0.740,0.756,0.504,0.756
d5,postgres,l,no_idx,3,3,0,0,0.000,9064.232,15698.575,0.574,0.736,24472.320,27191.385,0.574,27191.385
d5,postgres,m,idx,3,3,0,0,0.000,1831.681,95.401,1732.769,1839.139,1914.735,1923.134,1732.769,1923.134
d5,postgres,m,no_idx,3,3,0,0,0.000,2632.491,62.398,2587.888,2605.787,2693.996,2703.797,2587.888,2703.797
d5,postgres,s,idx,3,3,0,0,0.000,264.343,11.833,255.498,259.746,275.981,277.785,255.498,277.785
d5,postgres,s,no_idx,3,3,0,0,0.000,1105.734,31.934,1080.109,1095.584,1136.917,1141.510,1080.109,1141.510
d5,redis,l,idx,3,0,0,3,0.000,,,,,,,,
d5,redis,l,no_idx,3,0,0,3,0.000,,,,,,,,
d5,redis,m,idx,3,0,0,3,0.000,,,,,,,,
d5,redis,m,no_idx,3,0,0,3,0.000,,,,,,,,
d5,redis,s,idx,3,0,0,3,0.000,,,,,,,,
d5,redis,s,no_idx,3,0,0,3,0.000,,,,,,,,
d6,mongo,l,idx,3,3,0,0,0.000,2494.221,8.614,2485.197,2495.110,2501.632,2502.357,2485.197,2502.357
d6,mongo,l,no_idx,3,3,0,0,0.000,2460.669,1.698,2458.983,2460.646,2462.205,2462.378,2458.983,2462.378
d6,mongo,m,idx,3,3,0,0,0.000,1227.719,23.509,1200.988,1236.988,1244.361,1245.180,1200.988,1245.180
d6,mongo,m,no_idx,3,3,0,0,0.000,1126.755,21.490,1103.423,1131.104,1144.274,1145.737,1103.423,1145.737
d6,mongo,s,idx,3,3,0,0,0.000,619.532,32.314,590.370,613.954,650.239,654.271,590.370,654.271
d6,mongo,s,no_idx,3,3,0,0,0.000,564.751,30.116,536.289,561.680,592.824,596.285,536.289,596.285
d6,mysql,l,idx,3,3,0,0,0.000,0.525,0.169,0.414,0.441,0.692,0.720,0.414,0.720
d6,mysql,l,no_idx,3,3,0,0,0.000,6492.220,2112.369,4518.040,6238.720,8471.782,8719.900,4518.040,8719.900
d6,mysql,m,idx,3,3,0,0,0.000,1244.193,68.369,1175.087,1245.692,1305.190,1311.801,1175.087,1311.801
d6,mysql,m,no_idx,3,3,0,0,0.000,930.175,54.732,875.393,930.274,979.399,984.857,875.393,984.857
d6,mysql,s,idx,3,3,0,0,0.000,412.068,14.481,400.115,407.919,426.146,428.171,400.115,428.171
d6,mysql,s,no_idx,3,3,0,0,0.000,377.294,43.242,346.065,359.169,419.901,426.649,346.065,426.649
d6,postgres,l,idx,3,3,0,0,0.000,0.688,0.301,0.452,0.585,0.983,1.027,0.452,1.027
d6,postgres,l,no_idx,3,3,0,0,0.000,387.914,17.554,371.941,385.094,404.547,406.708,371.941,406.708
d6,postgres,m,idx,3,3,0,0,0.000,1452.497,31.122,1418.241,1460.220,1477.149,1479.030,1418.241,1479.030
d6,postgres,m,no_idx,3,3,0,0,0.000,270.143,35.246,229.525,288.239,292.223,292.666,229.525,292.666
d6,postgres,s,idx,3,3,0,0,0.000,598.152,53.785,552.883,583.964,650.244,657.608,552.883,657.608
d6,postgres,s,no_idx,3,3,0,0,0.000,113.498,16.528,103.082,104.857,129.786,132.556,103.082,132.556
d6,redis,l,idx,3,0,0,3,0.000,,,,,,,,
d6,redis,l,no_idx,3,0,0,3,0.000,,,,,,,,
d6,redis,m,idx,3,0,0,3,0.000,,,,,,,,
d6,redis,m,no_idx,3,0,0,3,0.000,,,,,,,,
d6,redis,s,idx,3,0,0,3,0.000,,,,,,,,
d6,redis,s,no_idx,3,0,0,3,0.000,,,,,,,,
r1,mongo,l,idx,3,3,0,0,0.000,1.971,1.995,0.815,0.823,3.929,4.274,0.815,4.274
r1,mongo,l,no_idx,3,3,0,0,0.000,64.235,18.521,51.477,55.750,82.505,85.478,51.477,85.478
r1,mongo,m,idx,3,3,0,0,0.000,2.529,1.170,1.474,2.327,3.641,3.787,1.474,3.787
r1,mongo,m,no_idx,3,3,0,0,0.000,29.293,6.643,25.360,25.556,35.821,36.962,25.360,36.962
r1,mongo,s,idx,3,3,0,0,0.000,2.018,1.395,1.089,1.342,3.394,3.622,1.089,3.622
r1,mongo,s,no_idx,3,3,0,0,0.000,15.724,4.328,12.737,13.748,19.993,20.687,12.737,20.687
r1,mysql,l,idx,3,3,0,0,0.000,0.817,0.239,0.571,0.830,1.027,1.049,0.571,1.049
r1,mysql,l,no_idx,3,3,0,0,0.000,54.937,12.283,44.940,51.223,66.906,68.649,44.940,68.649
r1,mysql,m,idx,3,3,0,0,0.000,1.038,0.509,0.738,0.751,1.538,1.626,0.738,1.626
r1,mysql,m,no_idx,3,3,0,0,0.000,18.041,3.443,15.884,16.227,21.433,22.012,15.884,22.012
r1,mysql,s,idx,3,3,0,0,0.000,0.855,0.221,0.705,0.751,1.073,1.109,0.705,1.109
r1,mysql,s,no_idx,3,3,0,0,0.000,10.437,2.086,8.792,9.735,12.478,12.783,8.792,12.783
r1,postgres,l,idx,3,3,0,0,0.000,1.869,1.422,0.661,1.510,3.243,3.436,0.661,3.436
r1,postgres,l,no_idx,3,3,0,0,0.000,12.579,3.961,9.057,11.814,16.362,16.867,9.057,16.867
r1,postgres,m,idx,3,3,0,0,0.000,1.261,0.646,0.717,1.090,1.887,1.975,0.717,1.975
r1,postgres,m,no_idx,3,3,0,0,0.000,9.963,8.465,5.059,5.092,18.273,19.738,5.059,19.738
r1,postgres,s,idx,3,3,0,0,0.000,0.827,0.280,0.597,0.746,1.100,1.139,0.597,1.139
r1,postgres,s,no_idx,3,3,0,0,0.000,5.265,3.302,2.991,3.751,8.523,9.053,2.991,9.053
r1,redis,l,idx,3,3,0,0,0.000,0.508,0.631,0.136,0.151,1.127,1.236,0.136,1.236
r1,redis,l,no_idx,3,3,0,0,0.000,1.494,0.578,0.975,1.389,2.044,2.117,0.975,2.117
r1,redis,m,idx,3,3,0,0,0.000,0.846,0.088,0.784,0.807,0.932,0.946,0.784,0.946
r1,redis,m,no_idx,3,3,0,0,0.000,1.295,0.237,1.050,1.314,1.501,1.522,1.050,1.522
r1,redis,s,idx,3,3,0,0,0.000,0.486,0.041,0.456,0.470,0.527,0.533,0.456,0.533
r1,redis,s,no_idx,3,3,0,0,0.000,0.822,0.237,0.618,0.765,1.050,1.082,0.618,1.082
r2,mongo,l,idx,3,3,0,0,0.000,907.268,68.597,841.574,901.791,970.774,978.439,841.574,978.439
r2,mongo,l,no_idx,3,3,0,0,0.000,4164.044,443.473,3804.636,4027.857,4596.462,4659.640,3804.636,4659.640
r2,mongo,m,idx,3,3,0,0,0.000,134.666,5.367,128.929,135.504,139.159,139.565,128.929,139.565
r2,mongo,m,no_idx,3,3,0,0,0.000,345.296,2.919,341.961,346.545,347.299,347.383,341.961,347.383
r2,mongo,s,idx,3,3,0,0,0.000,78.318,0.955,77.510,78.072,79.242,79.372,77.510,79.372
r2,mongo,s,no_idx,3,3,0,0,0.000,183.188,6.723,178.513,180.157,189.819,190.893,178.513,190.893
r2,mysql,l,idx,3,3,0,0,0.000,4699.054,1412.393,3291.762,4688.906,5973.734,6116.493,3291.762,6116.493
r2,mysql,l,no_idx,3,3,0,0,0.000,3679.927,95.450,3616.867,3633.173,3774.083,3789.740,3616.867,3789.740
r2,mysql,m,idx,3,3,0,0,0.000,285.400,140.055,124.967,347.967,379.735,383.265,124.967,383.265
r2,mysql,m,no_idx,3,3,0,0,0.000,318.741,20.934,300.292,314.440,338.786,341.491,300.292,341.491
r2,mysql,s,idx,3,3,0,0,0.000,110.871,72.451,50.580,90.788,181.198,191.244,50.580,191.244
r2,mysql,s,no_idx,3,3,0,0,0.000,187.554,25.425,170.520,175.363,212.636,216.778,170.520,216.778
r2,postgres,l,idx,3,3,0,0,0.000,674.424,28.655,651.179,665.653,702.360,706.439,651.179,706.439
r2,postgres,l,no_idx,3,3,0,0,0.000,592.554,139.033,504.825,519.981,729.569,752.857,504.825,752.857
r2,postgres,m,idx,3,3,0,0,0.000,104.218,68.887,57.184,72.182,172.178,183.289,57.184,183.289
r2,postgres,m,no_idx,3,3,0,0,0.000,75.477,19.157,56.750,74.645,92.997,95.036,56.750,95.036
r2,postgres,s,idx,3,3,0,0,0.000,34.455,10.492,28.000,28.803,44.785,46.561,28.000,46.561
r2,postgres,s,no_idx,3,3,0,0,0.000,44.096,13.909,34.188,38.103,57.807,59.996,34.188,59.996
r2,redis,l,idx,3,0,0,3,0.000,,,,,,,,
r2,redis,l,no_idx,3,0,0,3,0.000,,,,,,,,
r2,redis,m,idx,3,0,0,3,0.000,,,,,,,,
r2,redis,m,no_idx,3,0,0,3,0.000,,,,,,,,
r2,redis,s,idx,3,0,0,3,0.000,,,,,,,,
r2,redis,s,no_idx,3,0,0,3,0.000,,,,,,,,
r3,mongo,l,idx,3,3,0,0,0.000,12010.071,700.665,11537.073,11678.120,12701.331,12815.021,11537.073,12815.021
r3,mongo,l,no_idx,3,3,0,0,0.000,18326.352,352.935,18016.626,18251.835,18664.719,18710.595,18016.626,18710.595
r3,mongo,m,idx,3,3,0,0,0.000,1575.358,39.944,1532.414,1582.257,1608.488,1611.403,1532.414,1611.403
r3,mongo,m,no_idx,3,3,0,0,0.000,1550.554,24.292,1522.808,1560.861,1567.281,1567.994,1522.808,1567.994
r3,mongo,s,idx,3,3,0,0,0.000,757.773,24.868,736.665,751.467,781.815,785.187,736.665,785.187
r3,mongo,s,no_idx,3,3,0,0,0.000,741.588,6.165,734.491,744.661,745.517,745.612,734.491,745.612
r3,mysql,l,idx,3,3,0,0,0.000,185307.369,1312.539,184266.177,184874.184,186590.990,186781.746,184266.177,186781.746
r3,mysql,l,no_idx,3,3,0,0,0.000,190125.084,1557.038,188387.037,190595.660,191312.865,191392.555,188387.037,191392.555
r3,mysql,m,idx,3,3,0,0,0.000,15772.300,1302.788,15011.632,15028.671,17051.805,17276.598,15011.632,17276.598
r3,mysql,m,no_idx,3,3,0,0,0.000,6897.733,58.489,6853.299,6875.903,6955.188,6963.997,6853.299,6963.997
r3,mysql,s,idx,3,3,0,0,0.000,7091.729,923.558,6324.015,6834.555,7988.411,8116.617,6324.015,8116.617
r3,mysql,s,no_idx,3,3,0,0,0.000,3090.941,206.611,2856.290,3170.949,3238.120,3245.583,2856.290,3245.583
r3,postgres,l,idx,3,3,0,0,0.000,6344.178,707.340,5572.023,6499.686,6914.711,6960.825,5572.023,6960.825
r3,postgres,l,no_idx,3,3,0,0,0.000,6552.212,769.776,6103.955,6111.619,7308.118,7441.062,6103.955,7441.062
r3,postgres,m,idx,3,3,0,0,0.000,815.279,58.219,759.389,810.872,869.106,875.577,759.389,875.577
r3,postgres,m,no_idx,3,3,0,0,0.000,759.202,35.896,735.276,741.852,794.614,800.477,735.276,800.477
r3,postgres,s,idx,3,3,0,0,0.000,368.323,76.669,319.798,328.459,443.886,456.711,319.798,456.711
r3,postgres,s,no_idx,3,3,0,0,0.000,336.875,36.078,310.462,322.181,372.401,377.981,310.462,377.981
r3,redis,l,idx,3,0,0,3,0.000,,,,,,,,
r3,redis,l,no_idx,3,0,0,3,0.000,,,,,,,,
r3,redis,m,idx,3,0,0,3,0.000,,,,,,,,
r3,redis,m,no_idx,3,0,0,3,0.000,,,,,,,,
r3,redis,s,idx,3,0,0,3,0.000,,,,,,,,
r3,redis,s,no_idx,3,0,0,3,0.000,,,,,,,,
r4,mongo,l,idx,3,3,0,0,0.000,153127.446,4466.086,149128.192,152307.428,157382.790,157946.719,149128.192,157946.719
r4,mongo,l,no_idx,3,3,0,0,0.000,272616.083,7052.859,267301.340,269929.490,279548.626,280617.419,267301.340,280617.419
r4,mongo,m,idx,3,3,0,0,0.000,24191.656,240.365,23949.776,24194.716,24406.901,24430.477,23949.776,24430.477
r4,mongo,m,no_idx,3,3,0,0,0.000,24143.932,247.840,23992.955,24008.876,24387.856,24429.965,23992.955,24429.965
r4,mongo,s,idx,3,3,0,0,0.000,12020.996,22.765,11997.980,12021.505,12041.302,12043.502,11997.980,12043.502
r4,mongo,s,no_idx,3,3,0,0,0.000,12097.883,39.901,12052.837,12112.022,12127.112,12128.789,12052.837,12128.789
r4,mysql,l,idx,3,3,0,0,0.000,6340.632,358.176,6051.187,6229.510,6690.030,6741.199,6051.187,6741.199
r4,mysql,l,no_idx,3,3,0,0,0.000,86434.713,1591.706,85393.975,85643.145,88004.631,88267.018,85393.975,88267.018
r4,mysql,m,idx,3,3,0,0,0.000,6972.710,139.311,6823.154,6996.181,7088.533,7098.794,6823.154,7098.794
r4,mysql,m,no_idx,3,3,0,0,0.000,1878.503,67.908,1801.156,1906.014,1926.107,1928.339,1801.156,1928.339
r4,mysql,s,idx,3,3,0,0,0.000,2300.715,270.002,2143.549,2146.113,2565.846,2612.483,2143.549,2612.483
r4,mysql,s,no_idx,3,3,0,0,0.000,1013.891,31.177,979.696,1021.241,1038.787,1040.736,979.696,1040.736
r4,postgres,l,idx,3,3,0,0,0.000,1969.020,6.392,1962.078,1970.319,1974.228,1974.662,1962.078,1974.662
r4,postgres,l,no_idx,3,3,0,0,0.000,2384.515,27.778,2354.095,2390.914,2406.773,2408.535,2354.095,2408.535
r4,postgres,m,idx,3,3,0,0,0.000,237.302,2.167,235.103,237.366,239.229,239.436,235.103,239.436
r4,postgres,m,no_idx,3,3,0,0,0.000,232.788,4.037,229.191,232.019,236.641,237.155,229.191,237.155
r4,postgres,s,idx,3,3,0,0,0.000,120.453,2.472,118.258,119.970,122.814,123.130,118.258,123.130
r4,postgres,s,no_idx,3,3,0,0,0.000,112.534,0.980,111.875,112.068,113.501,113.660,111.875,113.660
r4,redis,l,idx,3,0,0,3,0.000,,,,,,,,
r4,redis,l,no_idx,3,0,0,3,0.000,,,,,,,,
r4,redis,m,idx,3,0,0,3,0.000,,,,,,,,
r4,redis,m,no_idx,3,0,0,3,0.000,,,,,,,,
r4,redis,s,idx,3,0,0,3,0.000,,,,,,,,
r4,redis,s,no_idx,3,0,0,3,0.000,,,,,,,,
r5,mongo,l,idx,3,3,0,0,0.000,587.872,221.063,400.336,531.669,801.618,831.612,400.336,831.612
r5,mongo,l,no_idx,3,3,0,0,0.000,559.045,136.312,479.933,480.758,692.875,716.443,479.933,716.443
r5,mongo,m,idx,3,3,0,0,0.000,508.611,80.812,449.512,475.621,588.191,600.699,449.512,600.699
r5,mongo,m,no_idx,3,3,0,0,0.000,571.021,151.118,465.925,502.934,720.076,744.203,465.925,744.203
r5,mongo,s,idx,3,3,0,0,0.000,234.339,9.126,228.432,229.734,243.338,244.850,228.432,244.850
r5,mongo,s,no_idx,3,3,0,0,0.000,262.901,55.061,230.377,231.852,317.013,326.475,230.377,326.475
r5,mysql,l,idx,3,3,0,0,0.000,331.330,11.785,322.605,326.648,342.928,344.737,322.605,344.737
r5,mysql,l,no_idx,3,3,0,0,0.000,460.108,69.815,412.722,427.321,528.985,540.281,412.722,540.281
r5,mysql,m,idx,3,3,0,0,0.000,573.551,232.551,384.265,503.245,800.153,833.143,384.265,833.143
r5,mysql,m,no_idx,3,3,0,0,0.000,383.759,20.312,371.666,372.401,403.729,407.210,371.666,407.210
r5,mysql,s,idx,3,3,0,0,0.000,192.284,21.323,179.127,180.840,213.281,216.886,179.127,216.886
r5,mysql,s,no_idx,3,3,0,0,0.000,180.822,22.412,166.510,169.306,202.917,206.651,166.510,206.651
r5,postgres,l,idx,3,3,0,0,0.000,139.340,1.862,137.299,139.775,140.828,140.945,137.299,140.945
r5,postgres,l,no_idx,3,3,0,0,0.000,192.549,25.200,171.853,185.182,217.069,220.612,171.853,220.612
r5,postgres,m,idx,3,3,0,0,0.000,172.256,6.153,167.120,170.573,178.225,179.075,167.120,179.075
r5,postgres,m,no_idx,3,3,0,0,0.000,186.816,30.480,165.500,173.220,216.877,221.728,165.500,221.728
r5,postgres,s,idx,3,3,0,0,0.000,87.801,0.055,87.754,87.787,87.854,87.861,87.754,87.861
r5,postgres,s,no_idx,3,3,0,0,0.000,84.054,4.254,81.013,82.235,88.247,88.915,81.013,88.915
r5,redis,l,idx,3,0,0,3,0.000,,,,,,,,
r5,redis,l,no_idx,3,0,0,3,0.000,,,,,,,,
r5,redis,m,idx,3,0,0,3,0.000,,,,,,,,
r5,redis,m,no_idx,3,0,0,3,0.000,,,,,,,,
r5,redis,s,idx,3,0,0,3,0.000,,,,,,,,
r5,redis,s,no_idx,3,0,0,3,0.000,,,,,,,,
r6,mongo,l,idx,3,3,0,0,0.000,430.845,70.703,363.340,424.834,496.409,504.362,363.340,504.362
r6,mongo,l,no_idx,3,3,0,0,0.000,5015.774,44.202,4965.003,5036.625,5044.787,5045.694,4965.003,5045.694
r6,mongo,m,idx,3,3,0,0,0.000,281.558,6.273,275.006,282.158,286.974,287.509,275.006,287.509
r6,mongo,m,no_idx,3,3,0,0,0.000,4942.123,36.463,4915.824,4926.798,4978.052,4983.747,4915.824,4983.747
r6,mongo,s,idx,3,3,0,0,0.000,132.659,4.661,129.942,129.994,137.236,138.041,129.942,138.041
r6,mongo,s,no_idx,3,3,0,0,0.000,2474.445,24.077,2447.967,2480.344,2493.556,2495.024,2447.967,2495.024
r6,mysql,l,idx,3,3,0,0,0.000,165.544,0.406,165.294,165.325,165.944,166.013,165.294,166.013
r6,mysql,l,no_idx,3,3,0,0,0.000,777.326,131.115,655.210,760.880,900.388,915.889,655.210,915.889
r6,mysql,m,idx,3,3,0,0,0.000,162.213,5.455,157.626,160.769,167.497,168.245,157.626,168.245
r6,mysql,m,no_idx,3,3,0,0,0.000,447.460,3.372,443.995,447.656,450.423,450.730,443.995,450.730
r6,mysql,s,idx,3,3,0,0,0.000,33.994,1.628,32.833,33.294,35.599,35.855,32.833,35.855
r6,mysql,s,no_idx,3,3,0,0,0.000,210.441,4.953,205.902,209.698,215.121,215.724,205.902,215.724
r6,postgres,l,idx,3,3,0,0,0.000,24.882,1.376,23.575,24.753,26.161,26.317,23.575,26.317
r6,postgres,l,no_idx,3,3,0,0,0.000,33.795,1.694,32.336,33.396,35.427,35.653,32.336,35.653
r6,postgres,m,idx,3,3,0,0,0.000,115.182,52.031,84.755,85.530,166.288,175.261,84.755,175.261
r6,postgres,m,no_idx,3,3,0,0,0.000,42.888,3.099,39.762,42.943,45.657,45.959,39.762,45.959
r6,postgres,s,idx,3,3,0,0,0.000,41.482,3.066,39.120,40.378,44.490,44.947,39.120,44.947
r6,postgres,s,no_idx,3,3,0,0,0.000,17.244,0.597,16.811,16.996,17.832,17.925,16.811,17.925
r6,redis,l,idx,3,0,0,3,0.000,,,,,,,,
r6,redis,l,no_idx,3,0,0,3,0.000,,,,,,,,
r6,redis,m,idx,3,0,0,3,0.000,,,,,,,,
r6,redis,m,no_idx,3,0,0,3,0.000,,,,,,,,
r6,redis,s,idx,3,0,0,3,0.000,,,,,,,,
r6,redis,s,no_idx,3,0,0,3,0.000,,,,,,,,
smoke,mongo,l,idx,3,3,0,0,0.000,0.876,0.169,0.707,0.876,1.028,1.045,0.707,1.045
smoke,mongo,l,no_idx,3,3,0,0,0.000,0.709,0.848,0.202,0.236,1.543,1.688,0.202,1.688
smoke,mongo,m,idx,3,3,0,0,0.000,0.640,0.191,0.497,0.566,0.827,0.856,0.497,0.856
smoke,mongo,m,no_idx,3,3,0,0,0.000,0.268,0.022,0.243,0.279,0.282,0.282,0.243,0.282
smoke,mongo,s,idx,3,3,0,0,0.000,0.744,0.441,0.406,0.583,1.177,1.243,0.406,1.243
smoke,mongo,s,no_idx,3,3,0,0,0.000,0.278,0.019,0.257,0.285,0.291,0.292,0.257,0.292
smoke,mysql,l,idx,3,3,0,0,0.000,0.568,0.202,0.438,0.465,0.767,0.801,0.438,0.801
smoke,mysql,l,no_idx,3,3,0,0,0.000,0.482,0.187,0.360,0.389,0.666,0.697,0.360,0.697
smoke,mysql,m,idx,3,3,0,0,0.000,0.765,0.405,0.510,0.552,1.164,1.232,0.510,1.232
smoke,mysql,m,no_idx,3,3,0,0,0.000,1.265,0.573,0.615,1.487,1.673,1.694,0.615,1.694
smoke,mysql,s,idx,3,3,0,0,0.000,1.203,0.817,0.709,0.753,2.007,2.146,0.709,2.146
smoke,mysql,s,no_idx,3,3,0,0,0.000,1.069,0.136,0.947,1.046,1.198,1.215,0.947,1.215
smoke,postgres,l,idx,3,3,0,0,0.000,1.092,0.356,0.818,0.965,1.441,1.494,0.818,1.494
smoke,postgres,l,no_idx,3,3,0,0,0.000,0.833,0.337,0.581,0.701,1.164,1.216,0.581,1.216
smoke,postgres,m,idx,3,3,0,0,0.000,1.069,0.258,0.851,1.002,1.319,1.354,0.851,1.354
smoke,postgres,m,no_idx,3,3,0,0,0.000,0.894,0.435,0.628,0.659,1.322,1.396,0.628,1.396
smoke,postgres,s,idx,3,3,0,0,0.000,1.270,0.419,0.790,1.458,1.551,1.561,0.790,1.561
smoke,postgres,s,no_idx,3,3,0,0,0.000,1.905,1.918,0.723,0.874,3.794,4.118,0.723,4.118
smoke,redis,l,idx,3,3,0,0,0.000,0.161,0.026,0.137,0.158,0.186,0.189,0.137,0.189
smoke,redis,l,no_idx,3,3,0,0,0.000,1.999,1.784,0.659,1.314,3.753,4.024,0.659,4.024
smoke,redis,m,idx,3,3,0,0,0.000,0.521,0.222,0.363,0.425,0.740,0.775,0.363,0.775
smoke,redis,m,no_idx,3,3,0,0,0.000,1.747,2.473,0.306,0.332,4.176,4.603,0.306,4.603
smoke,redis,s,idx,3,3,0,0,0.000,0.207,0.048,0.178,0.181,0.255,0.263,0.178,0.263
smoke,redis,s,no_idx,3,3,0,0,0.000,0.640,0.705,0.214,0.252,1.334,1.454,0.214,1.454
u1,mongo,l,idx,3,3,0,0,0.000,3.588,3.475,1.103,2.102,7.013,7.559,1.103,7.559
u1,mongo,l,no_idx,3,3,0,0,0.000,4.769,4.229,2.049,2.617,8.939,9.642,2.049,9.642
u1,mongo,m,idx,3,3,0,0,0.000,3.758,0.146,3.603,3.778,3.881,3.893,3.603,3.893
u1,mongo,m,no_idx,3,3,0,0,0.000,4.861,0.820,4.225,4.572,5.665,5.787,4.225,5.787
u1,mongo,s,idx,3,3,0,0,0.000,2.869,0.319,2.582,2.813,3.173,3.213,2.582,3.213
u1,mongo,s,no_idx,3,3,0,0,0.000,4.371,1.362,3.551,3.619,5.712,5.944,3.551,5.944
u1,mysql,l,idx,3,3,0,0,0.000,1.163,0.751,0.703,0.756,1.903,2.030,0.703,2.030
u1,mysql,l,no_idx,3,3,0,0,0.000,63.995,14.127,50.525,62.761,77.105,78.699,50.525,78.699
u1,mysql,m,idx,3,3,0,0,0.000,10.265,5.481,5.120,9.645,15.392,16.030,5.120,16.030
u1,mysql,m,no_idx,3,3,0,0,0.000,38.959,1.271,37.824,38.720,40.172,40.333,37.824,40.333
u1,mysql,s,idx,3,3,0,0,0.000,5.262,0.504,4.737,5.306,5.699,5.743,4.737,5.743
u1,mysql,s,no_idx,3,3,0,0,0.000,20.477,2.841,18.278,19.469,23.263,23.685,18.278,23.685
u1,postgres,l,idx,3,3,0,0,0.000,1.356,0.137,1.201,1.408,1.454,1.459,1.201,1.459
u1,postgres,l,no_idx,3,3,0,0,0.000,13.298,4.183,10.290,11.528,17.420,18.075,10.290,18.075
u1,postgres,m,idx,3,3,0,0,0.000,2.559,0.230,2.403,2.451,2.786,2.823,2.403,2.823
u1,postgres,m,no_idx,3,3,0,0,0.000,10.915,1.166,10.111,10.383,12.065,12.252,10.111,12.252
u1,postgres,s,idx,3,3,0,0,0.000,2.326,0.245,2.060,2.373,2.527,2.544,2.060,2.544
u1,postgres,s,no_idx,3,3,0,0,0.000,7.348,1.118,6.137,7.565,8.263,8.341,6.137,8.341
u1,redis,l,idx,3,3,0,0,0.000,0.226,0.063,0.179,0.202,0.288,0.298,0.179,0.298
u1,redis,l,no_idx,3,3,0,0,0.000,1.360,0.176,1.222,1.300,1.532,1.558,1.222,1.558
u1,redis,m,idx,3,3,0,0,0.000,7.788,5.089,3.531,6.407,12.723,13.425,3.531,13.425
u1,redis,m,no_idx,3,3,0,0,0.000,4.085,0.931,3.517,3.579,5.002,5.160,3.517,5.160
u1,redis,s,idx,3,3,0,0,0.000,2.115,0.188,1.904,2.177,2.256,2.265,1.904,2.265
u1,redis,s,no_idx,3,3,0,0,0.000,2.347,0.711,1.919,1.954,3.046,3.167,1.919,3.167
u2,mongo,l,idx,3,3,0,0,0.000,1.440,1.858,0.344,0.390,3.265,3.585,0.344,3.585
u2,mongo,l,no_idx,3,3,0,0,0.000,6969.032,6110.516,3279.068,3605.701,12980.664,14022.327,3279.068,14022.327
u2,mongo,m,idx,3,3,0,0,0.000,2112.478,19.542,2096.073,2107.263,2131.415,2134.099,2096.073,2134.099
u2,mongo,m,no_idx,3,3,0,0,0.000,1362.472,76.995,1297.701,1342.116,1437.052,1447.600,1297.701,1447.600
u2,mongo,s,idx,3,3,0,0,0.000,1005.601,32.251,970.180,1013.352,1031.278,1033.270,970.180,1033.270
u2,mongo,s,no_idx,3,3,0,0,0.000,637.239,6.012,630.453,639.364,641.647,641.901,630.453,641.901
u2,mysql,l,idx,3,3,0,0,0.000,0.345,0.061,0.293,0.330,0.404,0.412,0.293,0.412
u2,mysql,l,no_idx,3,3,0,0,0.000,11727.105,14370.068,3123.060,3741.871,25858.932,28316.383,3123.060,28316.383
u2,mysql,m,idx,3,3,0,0,0.000,4509.362,111.485,4433.440,4457.292,4619.349,4637.355,4433.440,4637.355
u2,mysql,m,no_idx,3,3,0,0,0.000,2014.586,98.984,1942.540,1973.766,2112.084,2127.453,1942.540,2127.453
u2,mysql,s,idx,3,3,0,0,0.000,1957.459,43.979,1910.933,1963.095,1994.823,1998.348,1910.933,1998.348
u2,mysql,s,no_idx,3,3,0,0,0.000,896.780,16.952,879.518,897.419,911.805,913.403,879.518,913.403
u2,postgres,l,idx,3,3,0,0,0.000,0.590,0.107,0.466,0.644,0.657,0.659,0.466,0.659
u2,postgres,l,no_idx,3,3,0,0,0.000,3657.241,5319.239,519.453,653.388,8884.333,9798.883,519.453,9798.883
u2,postgres,m,idx,3,3,0,0,0.000,4392.007,105.516,4270.225,4449.664,4455.486,4456.133,4270.225,4456.133
u2,postgres,m,no_idx,3,3,0,0,0.000,851.117,50.474,802.709,847.211,897.808,903.430,802.709,903.430
u2,postgres,s,idx,3,3,0,0,0.000,2118.137,54.968,2080.126,2093.121,2172.359,2181.163,2080.126,2181.163
u2,postgres,s,no_idx,3,3,0,0,0.000,412.950,28.310,388.900,405.801,440.314,444.149,388.900,444.149
u2,redis,l,idx,3,0,0,3,0.000,,,,,,,,
u2,redis,l,no_idx,3,0,0,3,0.000,,,,,,,,
u2,redis,m,idx,3,0,0,3,0.000,,,,,,,,
u2,redis,m,no_idx,3,0,0,3,0.000,,,,,,,,
u2,redis,s,idx,3,0,0,3,0.000,,,,,,,,
u2,redis,s,no_idx,3,0,0,3,0.000,,,,,,,,
u3,mongo,l,idx,3,3,0,0,0.000,1.197,0.596,0.761,0.955,1.784,1.876,0.761,1.876
u3,mongo,l,no_idx,3,3,0,0,0.000,1.064,0.261,0.765,1.183,1.239,1.245,0.765,1.245
u3,mongo,m,idx,3,3,0,0,0.000,2.199,0.425,1.903,2.007,2.618,2.686,1.903,2.686
u3,mongo,m,no_idx,3,3,0,0,0.000,6.099,1.014,4.999,6.304,6.926,6.995,4.999,6.995
u3,mongo,s,idx,3,3,0,0,0.000,1.599,0.169,1.404,1.691,1.700,1.701,1.404,1.701
u3,mongo,s,no_idx,3,3,0,0,0.000,4.502,0.429,4.014,4.670,4.806,4.821,4.014,4.821
u3,mysql,l,idx,3,3,0,0,0.000,2.940,0.876,2.330,2.546,3.803,3.943,2.330,3.943
u3,mysql,l,no_idx,3,3,0,0,0.000,2.315,1.040,1.322,2.226,3.280,3.397,1.322,3.397
u3,mysql,m,idx,3,3,0,0,0.000,2.626,0.728,1.975,2.492,3.320,3.412,1.975,3.412
u3,mysql,m,no_idx,3,3,0,0,0.000,7.847,1.269,6.383,8.528,8.620,8.630,6.383,8.630
u3,mysql,s,idx,3,3,0,0,0.000,4.356,3.703,2.191,2.245,7.992,8.631,2.191,8.631
u3,mysql,s,no_idx,3,3,0,0,0.000,4.979,1.059,4.086,4.701,6.004,6.149,4.086,6.149
u3,postgres,l,idx,3,3,0,0,0.000,1.956,0.041,1.926,1.938,1.997,2.003,1.926,2.003
u3,postgres,l,no_idx,3,3,0,0,0.000,3.097,2.475,1.453,1.895,5.538,5.943,1.453,5.943
u3,postgres,m,idx,3,3,0,0,0.000,3.435,1.541,1.883,3.458,4.813,4.964,1.883,4.964
u3,postgres,m,no_idx,3,3,0,0,0.000,2.099,0.257,1.849,2.085,2.335,2.363,1.849,2.363
u3,postgres,s,idx,3,3,0,0,0.000,2.648,0.611,2.187,2.416,3.248,3.341,2.187,3.341
u3,postgres,s,no_idx,3,3,0,0,0.000,2.047,0.238,1.908,1.910,2.281,2.322,1.908,2.322
u3,redis,l,idx,3,0,0,3,0.000,,,,,,,,
u3,redis,l,no_idx,3,0,0,3,0.000,,,,,,,,
u3,redis,m,idx,3,0,0,3,0.000,,,,,,,,
u3,redis,m,no_idx,3,0,0,3,0.000,,,,,,,,
u3,redis,s,idx,3,0,0,3,0.000,,,,,,,,
u3,redis,s,no_idx,3,0,0,3,0.000,,,,,,,,
u4,mongo,l,idx,3,3,0,0,0.000,0.812,0.132,0.724,0.748,0.942,0.964,0.724,0.964
u4,mongo,l,no_idx,3,3,0,0,0.000,1.100,0.394,0.858,0.888,1.488,1.555,0.858,1.555
u4,mongo,m,idx,3,3,0,0,0.000,1.862,0.129,1.773,1.802,1.989,2.010,1.773,2.010
u4,mongo,m,no_idx,3,3,0,0,0.000,8.197,2.459,5.410,9.118,9.968,10.062,5.410,10.062
u4,mongo,s,idx,3,3,0,0,0.000,1.804,0.148,1.664,1.788,1.942,1.959,1.664,1.959
u4,mongo,s,no_idx,3,3,0,0,0.000,4.192,1.374,3.347,3.451,5.544,5.777,3.347,5.777
u4,mysql,l,idx,3,3,0,0,0.000,0.632,0.209,0.501,0.521,0.838,0.873,0.501,0.873
u4,mysql,l,no_idx,3,3,0,0,0.000,2.724,3.545,0.666,0.689,6.204,6.817,0.666,6.817
u4,mysql,m,idx,3,3,0,0,0.000,5.100,3.353,2.785,3.569,8.407,8.945,2.785,8.945
u4,mysql,m,no_idx,3,3,0,0,0.000,6.484,1.961,4.248,7.288,7.852,7.915,4.248,7.915
u4,mysql,s,idx,3,3,0,0,0.000,4.951,3.939,2.344,3.026,8.836,9.482,2.344,9.482
u4,mysql,s,no_idx,3,3,0,0,0.000,8.696,3.644,4.690,9.584,11.592,11.815,4.690,11.815
u4,postgres,l,idx,3,3,0,0,0.000,1.297,0.656,0.888,0.950,1.944,2.054,0.888,2.054
u4,postgres,l,no_idx,3,3,0,0,0.000,2.021,0.624,1.461,1.909,2.615,2.694,1.461,2.694
u4,postgres,m,idx,3,3,0,0,0.000,1.912,0.045,1.876,1.898,1.957,1.963,1.876,1.963
u4,postgres,m,no_idx,3,3,0,0,0.000,2.220,0.442,1.712,2.430,2.510,2.519,1.712,2.519
u4,postgres,s,idx,3,3,0,0,0.000,1.873,0.147,1.708,1.922,1.982,1.989,1.708,1.989
u4,postgres,s,no_idx,3,3,0,0,0.000,2.547,0.658,1.872,2.582,3.126,3.186,1.872,3.186
u4,redis,l,idx,3,3,0,0,0.000,0.171,0.027,0.148,0.164,0.197,0.201,0.148,0.201
u4,redis,l,no_idx,3,3,0,0,0.000,0.318,0.124,0.223,0.274,0.440,0.458,0.223,0.458
u4,redis,m,idx,3,3,0,0,0.000,3.160,0.664,2.445,3.277,3.710,3.758,2.445,3.758
u4,redis,m,no_idx,3,3,0,0,0.000,4.368,0.512,4.027,4.120,4.873,4.957,4.027,4.957
u4,redis,s,idx,3,3,0,0,0.000,2.036,0.632,1.375,2.099,2.580,2.634,1.375,2.634
u4,redis,s,no_idx,3,3,0,0,0.000,1.745,0.224,1.556,1.687,1.962,1.993,1.556,1.993
u5,mongo,l,idx,3,3,0,0,0.000,2.005,1.173,1.244,1.415,3.161,3.355,1.244,3.355
u5,mongo,l,no_idx,3,3,0,0,0.000,1.383,0.253,1.091,1.518,1.537,1.539,1.091,1.539
u5,mongo,m,idx,3,3,0,0,0.000,2.324,0.202,2.174,2.243,2.523,2.554,2.174,2.554
u5,mongo,m,no_idx,3,3,0,0,0.000,4.899,0.674,4.135,5.154,5.383,5.408,4.135,5.408
u5,mongo,s,idx,3,3,0,0,0.000,4.525,2.796,1.380,5.468,6.602,6.728,1.380,6.728
u5,mongo,s,no_idx,3,3,0,0,0.000,3.893,0.572,3.460,3.678,4.455,4.541,3.460,4.541
u5,mysql,l,idx,3,3,0,0,0.000,4.781,1.450,3.475,4.526,6.159,6.341,3.475,6.341
u5,mysql,l,no_idx,3,3,0,0,0.000,4.459,1.323,3.066,4.612,5.589,5.698,3.066,5.698
u5,mysql,m,idx,3,3,0,0,0.000,11.094,1.038,9.939,11.396,11.893,11.948,9.939,11.948
u5,mysql,m,no_idx,3,3,0,0,0.000,12.353,2.685,10.241,11.443,14.982,15.375,10.241,15.375
u5,mysql,s,idx,3,3,0,0,0.000,4.897,0.769,4.388,4.521,5.656,5.782,4.388,5.782
u5,mysql,s,no_idx,3,3,0,0,0.000,8.052,4.691,3.816,7.248,12.508,13.093,3.816,13.093
u5,postgres,l,idx,3,3,0,0,0.000,2.183,0.112,2.108,2.129,2.294,2.312,2.108,2.312
u5,postgres,l,no_idx,3,3,0,0,0.000,812.931,20.220,790.852,817.395,829.232,830.547,790.852,830.547
u5,postgres,m,idx,3,3,0,0,0.000,4.774,0.617,4.080,4.985,5.231,5.258,4.080,5.258
u5,postgres,m,no_idx,3,3,0,0,0.000,124.742,4.566,119.488,126.982,127.678,127.755,119.488,127.755
u5,postgres,s,idx,3,3,0,0,0.000,4.475,0.324,4.195,4.399,4.787,4.830,4.195,4.830
u5,postgres,s,no_idx,3,3,0,0,0.000,58.533,1.220,57.434,58.319,59.693,59.846,57.434,59.846
u5,redis,l,idx,3,0,0,3,0.000,,,,,,,,
u5,redis,l,no_idx,3,0,0,3,0.000,,,,,,,,
u5,redis,m,idx,3,0,0,3,0.000,,,,,,,,
u5,redis,m,no_idx,3,0,0,3,0.000,,,,,,,,
u5,redis,s,idx,3,0,0,3,0.000,,,,,,,,
u5,redis,s,no_idx,3,0,0,3,0.000,,,,,,,,
u6,mongo,l,idx,3,3,0,0,0.000,3040.552,575.107,2644.693,2776.724,3607.888,3700.239,2644.693,3700.239
u6,mongo,l,no_idx,3,3,0,0,0.000,6278.625,4914.678,3436.324,3445.947,11102.837,11953.603,3436.324,11953.603
u6,mongo,m,idx,3,3,0,0,0.000,1228.373,30.878,1206.030,1215.480,1258.795,1263.608,1206.030,1263.608
u6,mongo,m,no_idx,3,3,0,0,0.000,1159.737,56.569,1123.607,1130.675,1215.505,1224.930,1123.607,1224.930
u6,mongo,s,idx,3,3,0,0,0.000,602.387,10.727,590.009,608.174,608.897,608.977,590.009,608.977
u6,mongo,s,no_idx,3,3,0,0,0.000,560.648,15.107,545.317,561.107,574.079,575.520,545.317,575.520
u6,mysql,l,idx,3,3,0,0,0.000,0.480,0.069,0.439,0.442,0.548,0.560,0.439,0.560
u6,mysql,l,no_idx,3,3,0,0,0.000,19804.197,28225.959,3376.315,3639.904,47520.725,52396.372,3376.315,52396.372
u6,mysql,m,idx,3,3,0,0,0.000,4546.008,48.155,4491.563,4563.448,4581.057,4583.013,4491.563,4583.013
u6,mysql,m,no_idx,3,3,0,0,0.000,1792.023,124.595,1660.175,1808.088,1897.835,1907.807,1660.175,1907.807
u6,mysql,s,idx,3,3,0,0,0.000,1949.193,95.278,1867.907,1925.631,2041.201,2054.042,1867.907,2054.042
u6,mysql,s,no_idx,3,3,0,0,0.000,610.066,18.090,591.546,610.957,626.020,627.694,591.546,627.694
u6,postgres,l,idx,3,3,0,0,0.000,0.498,0.079,0.445,0.460,0.575,0.588,0.445,0.588
u6,postgres,l,no_idx,3,3,0,0,0.000,3077.275,3339.478,400.111,2012.379,6338.639,6819.335,400.111,6819.335
u6,postgres,m,idx,3,3,0,0,0.000,4603.068,92.120,4527.645,4575.822,4692.746,4705.738,4527.645,4705.738
u6,postgres,m,no_idx,3,3,0,0,0.000,749.511,26.541,723.402,748.667,773.684,776.464,723.402,776.464
u6,postgres,s,idx,3,3,0,0,0.000,2395.377,127.553,2303.741,2341.335,2521.082,2541.054,2303.741,2541.054
u6,postgres,s,no_idx,3,3,0,0,0.000,359.459,36.636,331.091,346.464,395.385,400.821,331.091,400.821
u6,redis,l,idx,3,0,0,3,0.000,,,,,,,,
u6,redis,l,no_idx,3,0,0,3,0.000,,,,,,,,
u6,redis,m,idx,3,0,0,3,0.000,,,,,,,,
u6,redis,m,no_idx,3,0,0,3,0.000,,,,,,,,
u6,redis,s,idx,3,0,0,3,0.000,,,,,,,,
u6,redis,s,no_idx,3,0,0,3,0.000,,,,,,,,
